"year","Emissions"
1999,1913.37
2002,401.215743472341
2005,405.424069591492
2008,541.610282142443
