"year","Emissions"
1999,572126.5
2002,546789.182974775
2005,552881.472118256
2008,343432.223324406
