"year","Emissions"
1999,47103.192
2002,26968.7945282353
2005,22939.7802740475
2008,32135.481713667
