"","year","Emissions"
"1",1999,3274.18
"2",2002,2453.91574347234
"3",2005,3091.35406959149
"4",2008,1862.28151076544
