"year","Emissions"
1999,16414.059
2002,12894.4301979658
2005,13072.2686787794
2008,13380.0249003187
