"","year","Emissions"
"1",1999,7332966.73700002
"2",2002,5635780.49823926
"3",2005,5454703.0771284
"4",2008,3464205.83780584
